<?xml version="1.0"?>
<!DOCTYPE Configure PUBLIC "-//Jetty//Configure//EN" "http://www.eclipse.org/jetty/configure_9_3.dtd">
<Configure id="httpConfig" class="org.eclipse.jetty.server.HttpConfiguration">
  <Call name="addCustomizer">
    <Arg>
      <New class="org.eclipse.jetty.server.ForwardedRequestCustomizer">
        <Set name="forwardedOnly"><Property name="jetty.httpConfig.forwardedOnly" default="false"/></Set>
        <Set name="proxyAsAuthority"><Property name="jetty.httpConfig.forwardedProxyAsAuthority" default="false"/></Set>
        <Set name="forwardedHeader"><Property name="jetty.httpConfig.forwardedHeader" default="Forwarded"/></Set>
        <Set name="forwardedHostHeader"><Property name="jetty.httpConfig.forwardedHostHeader" default="X-Forwarded-Host"/></Set>
        <Set name="forwardedServerHeader"><Property name="jetty.httpConfig.forwardedServerHeader" default="X-Forwarded-Server"/></Set>
        <Set name="forwardedProtoHeader"><Property name="jetty.httpConfig.forwardedProtoHeader" default="X-Forwarded-Proto"/></Set>
        <Set name="forwardedForHeader"><Property name="jetty.httpConfig.forwardedForHeader" default="X-Forwarded-For"/></Set>
        <Set name="forwardedForHeader"><Property name="jetty.httpConfig.forwardedHttpsHeader" default="X-Proxied-Https"/></Set>
        <Set name="forwardedSslSessionIdHeader"><Property name="jetty.httpConfig.forwardedSslSessionIdHeader" default="Proxy-ssl-id" /></Set>
        <Set name="forwardedCipherSuiteHeader"><Property name="jetty.httpConfig.forwardedCipherSuiteHeader" default="Proxy-auth-cert"/></Set>
      </New>
    </Arg>
  </Call>
</Configure>
